layer,unit,description,mean_activation,highlights
10,10787,"The status of software development or implementation tasks, frequently related to wiki or database updates",4.576038297017416,"['Text #1:  done (3.3818130493164062)', 'Text #1:  done (4.000185966491699)', 'Text #1:  done (4.907371520996094)', 'Text #1:  done (4.78697395324707)', 'Text #1:  done (4.979654312133789)', 'Text #1:  done (5.270307540893555)', 'Text #1:  done (4.374547958374023)', 'Text #1:  done (4.52992057800293)', 'Text #1:  done (5.062150955200195)', 'Text #1:  done (4.72264289855957)', 'Text #1:  done (4.6426544189453125)', 'Text #1:  done (4.7696075439453125)', 'Text #1:  done (4.40825080871582)', 'Text #1:  done (4.695184707641602)', 'Text #1:  done (4.109308242797852)', 'Text #2:  done (3.3818130493164062)', 'Text #2:  done (4.000185966491699)', 'Text #2:  done (4.907371520996094)', 'Text #2:  done (4.78697395324707)', 'Text #2:  done (4.979654312133789)', 'Text #2:  done (5.270307540893555)', 'Text #2:  done (4.374547958374023)', 'Text #2:  done (4.52992057800293)', 'Text #2:  done (5.062150955200195)', 'Text #2:  done (4.72264289855957)', 'Text #2:  done (4.6426544189453125)', 'Text #2:  done (4.7696075439453125)', 'Text #2:  done (4.40825080871582)', 'Text #2:  done (4.695184707641602)', 'Text #2:  done (4.109308242797852)']"
10,10787,"Discussions of wealth, poverty, or economic disparity, often related to mindset or behavior",,[]
10,10787,"Complete or full versions of games, software, or other products/items",3.6731653213500977,['Text #1:  Full (3.6731653213500977)']
10,10787,Total certainty or assurance,3.0559520721435547,"['Text #1: FULL (3.217898368835449)', 'Text #2:  guaranteed (2.89400577545166)']"
10,10787,"Duration, extent, or frequency of events or states",2.749844551086426,['Text #1:  round (2.749844551086426)']
