layer,unit,description,mean_activation,highlights
10,4006,"File extensions, URLs, or numerical webpage elements in text excerpts, sometimes related to donations or mission trips",4.783272862434387,"['Text #1: . (8.099929809570312)', 'Text #2: ). (7.06290864944458)', 'Text #3: . (5.8252763748168945)', 'Text #4: png (4.953522682189941)', 'Text #5: / (3.8930301666259766)', 'Text #6: 4 (2.8566179275512695)', 'Text #7: , (2.7919130325317383)', 'Text #8: . (2.7829842567443848)']"
10,4006,"File path separators and punctuation marks, often found at the end of URLs",6.004888367652893,"['Text #1: / (10.258893966674805)', 'Text #1: . (22.67705726623535)', 'Text #1: / (6.949757099151611)', 'Text #2: . (9.000164031982422)', 'Text #2: _ (2.7878808975219727)', 'Text #2: . (8.272709846496582)', 'Text #3: \\ (6.068040370941162)', 'Text #3: . (4.492860317230225)', 'Text #3: \\ (3.8527674674987793)', 'Text #4: / (3.9901366233825684)', 'Text #4: . (4.299362659454346)', 'Text #5: ? (8.086607933044434)', 'Text #6: / (3.4668936729431152)', 'Text #6: ? (2.963878631591797)', 'Text #7:  > (5.273392200469971)', 'Text #8: \x80 (4.356474876403809)', 'Text #9: . (3.971010684967041)', 'Text #10: . (3.528818130493164)', 'Text #11: "" (2.953827381134033)', 'Text #12: . (2.847233295440674)']"
10,4006,"PHP file extensions, or numbers, often followed by the word 'for'",5.69857086454119,"['Text #1: . (4.790122032165527)', 'Text #1: / (14.146326065063477)', 'Text #1: 0 (2.790419101715088)', 'Text #1:  for (4.5321574211120605)', 'Text #2: 8 (3.7316017150878906)', 'Text #3: . (6.4233832359313965)', 'Text #4: ti (3.4759864807128906)']"
10,4006,"A forward slash or greater than symbol, followed by a period, at the beginning of a line, often preceding a URL or a web address",8.058855215708414,"['Text #1: / (11.225690841674805)', 'Text #2: >. (7.003584384918213)', 'Text #3: / (5.947290420532227)']"
10,4006,"A question or statement about a specific product or service followed by further information, sometimes including a URL or other link contained within brackets",4.514569195834073,"['Text #1: . (7.918820858001709)', 'Text #1: . (9.274492263793945)', 'Text #2: . (3.073976516723633)', 'Text #2: , (2.856842041015625)', 'Text #2: , (2.942002296447754)', 'Text #3:  on (4.467477798461914)', 'Text #3: . (3.8530220985412598)', 'Text #4: )? (4.7216033935546875)', 'Text #5: "". (3.8866634368896484)', 'Text #6: . (3.7639970779418945)', 'Text #7: . (2.9013633728027344)']"
