layer,unit,description,mean_activation,highlights
5,16845,"A mention of a quantity, often implicitly a number, in square brackets, usually after the word ""for"" or ""of""",0.7692123413085937,"['Text #1: "" (0.6102064251899719)', 'Text #1: \n (0.9104347825050354)', 'Text #1: \n (0.7541698813438416)', 'Text #2: Ok (0.9446187615394592)', 'Text #3:  The (0.6266318559646606)']"
5,16845,Locations for additional information,0.9141112665335337,"['Text #1: \n (1.5002808570861816)', 'Text #2:  here (0.7189772725105286)', 'Text #2: . (0.7545540928840637)', 'Text #3:  Reserved (0.7714280486106873)', 'Text #4: \n (1.0229090452194214)', 'Text #5: \n (0.7165182828903198)']"
5,16845,Website or online platform functionalities,0.9356607113565717,"['Text #1: com (1.2006059885025024)', 'Text #2: \n (1.1902140378952026)', 'Text #3:  Thursday (1.0307241678237915)', 'Text #4: \n (0.8483462929725647)', 'Text #5: ! (0.7925435900688171)', 'Text #6: \n (0.7642536163330078)', 'Text #7: \n (0.722937285900116)']"
5,16845,"Instructions related to food preparation, especially baking or chilling in a refrigerator, sometimes followed by serving instructions",1.2319328966348067,"['Text #1: riger (1.8172616958618164)', 'Text #1:  overnight (0.8545563220977783)', 'Text #1:  Remove (1.2020207643508911)', 'Text #1:  refrigerator (1.3503408432006836)', 'Text #1: , (1.0016911029815674)', 'Text #1:  Serve (1.788662075996399)', 'Text #1:  refriger (1.235975742340088)', 'Text #1:  until (0.8182648420333862)', 'Text #1: . (1.4770363569259644)', 'Text #2: riger (1.8172616958618164)', 'Text #2:  overnight (0.8545563220977783)', 'Text #2:  Remove (1.2020207643508911)', 'Text #2:  refrigerator (1.3503408432006836)', 'Text #2: , (1.0016911029815674)', 'Text #2:  Serve (1.788662075996399)', 'Text #2:  refriger (1.235975742340088)', 'Text #2:  until (0.8182648420333862)', 'Text #2: . (1.4770363569259644)', 'Text #3:  oven (0.8796027898788452)', 'Text #3:  aside (1.296584129333496)', 'Text #4:  Enjoy (1.505654215812683)', 'Text #5: ! (0.7910065650939941)', 'Text #6: . (0.7699894309043884)']"
5,16845,"Names, punctuation marks, and specifically the tokens ""sh"", ""!"", """""", "")"", and a newline character",0.7561842203140259,"['Text #1: sh (0.9475457668304443)', 'Text #2: ! (0.8532781600952148)', 'Text #3: "" (0.6748214960098267)', 'Text #4: "") (0.674591600894928)', 'Text #5: \n (0.6306840777397156)']"
