layer,unit,description,mean_activation,highlights
5,16512,Computer hardware and software specifications,,[]
5,16512,"A periodical publication, or a problem/controversy",4.0153537260161505,"['Text #1:  issue (9.063849449157715)', 'Text #1:  issue (8.17032241821289)', 'Text #1:  issue (3.5011415481567383)', 'Text #2:  issue (5.758799076080322)', 'Text #2:  issue (4.925835132598877)', 'Text #3:  Page (1.5229648351669312)', 'Text #4:  share (1.2604849338531494)', 'Text #5:  issue (1.0197782516479492)', 'Text #6:  issue (0.9150078892707825)']"
5,16512,"Facial features, societal problems, and printed publications",1.103554938520704,"['Text #1: face (1.6942026615142822)', 'Text #1: face (1.4425604343414307)', 'Text #2:  issues (1.2840756177902222)', 'Text #3:  issue (1.0903691053390503)', 'Text #4:  print (0.7405032515525818)', 'Text #5:  print (0.7405032515525818)', 'Text #6: Volume (0.732670247554779)']"
5,16512,"A periodical publication, often a magazine, and a problem or topic of concern related to it",2.9471733570098877,"['Text #1:  issue (7.567318916320801)', 'Text #2:  issue (8.541635513305664)', 'Text #3:  issue (1.7013051509857178)', 'Text #3:  issue (1.3417730331420898)', 'Text #4:  issue (1.2446027994155884)', 'Text #5:  issues (1.2234148979187012)', 'Text #6:  issue (1.0790584087371826)', 'Text #7:  Issues (0.8782781362533569)']"
5,16512,Periodical publications or collected works,4.074904878934224,"['Text #1:  issue (9.558282852172852)', 'Text #2:  edition (1.6480016708374023)', 'Text #3:  volume (1.0184301137924194)']"
