layer,unit,description,mean_activation,highlights
5,32177,"Ordinal numbers, often parts of multi-part articles, options, or levels of training programs",2.561376754442851,"['Text #1:  2 (7.785303115844727)', 'Text #1:  1 (5.5911126136779785)', 'Text #1:  2 (5.2232489585876465)', 'Text #2:  1 (4.197535991668701)', 'Text #2:  2 (2.7310214042663574)', 'Text #3:  1 (1.6061705350875854)', 'Text #3:  4 (0.7746351957321167)', 'Text #4:  II (2.1965694427490234)', 'Text #5:  2 (1.8826357126235962)', 'Text #6:  3 (1.830472469329834)', 'Text #7:  one (1.0112025737762451)', 'Text #8:  one (0.9771421551704407)', 'Text #9:  4 (0.9369664192199707)', 'Text #10:  one (0.9036201238632202)', 'Text #11:  2 (0.7730146050453186)']"
5,32177,Ordinal numbers in a numbered list,1.5329628851678636,"['Text #1:  1 (2.1394295692443848)', 'Text #1: 2 (1.243251085281372)', 'Text #2:  3 (3.2618305683135986)', 'Text #3:  2 (2.2624359130859375)', 'Text #4:  six (1.421669840812683)', 'Text #5:  9 (1.2273322343826294)', 'Text #6:  III (1.0072473287582397)', 'Text #7:  10 (0.6499620676040649)', 'Text #8:  2 (0.5835073590278625)']"
5,32177,"Ordinal numbers in contextual information describing locations, groups, or ordered lists",1.5929181250658901,"['Text #1:  1 (3.723186731338501)', 'Text #1:  2 (3.0259170532226562)', 'Text #2:  One (2.447828531265259)', 'Text #3:  23 (1.164839267730713)', 'Text #3:  23 (1.1965322494506836)', 'Text #4:  6 (1.5566540956497192)', 'Text #5:  B (1.036687970161438)', 'Text #6: 2 (0.9739798307418823)', 'Text #7:  16 (0.9390456080436707)', 'Text #8: 3 (0.7313945889472961)', 'Text #9:  4 (0.7260334491729736)']"
5,32177,"Ordinal numbers, often within the context of lists or ordered items",1.455076535542806,"['Text #1:  4 (4.114883899688721)', 'Text #2:  One (1.9216479063034058)', 'Text #2:  Two (1.4126735925674438)', 'Text #2:  Three (0.7517349123954773)', 'Text #3:  ONE (1.397118330001831)', 'Text #4:  1 (1.2258177995681763)', 'Text #5:  One (1.0383158922195435)', 'Text #6:  8 (0.6440119743347168)', 'Text #7:  ! (0.5894845128059387)']"
5,32177,"Instructions, steps, or numbered procedures in a process",1.966492703982762,"['Text #1:  6 (4.189163684844971)', 'Text #1:  9 (2.7012460231781006)', 'Text #1:  10 (1.2182542085647583)', 'Text #2:  1 (2.4499564170837402)', 'Text #3:  6 (1.5161243677139282)', 'Text #4:  4 (0.9068593978881836)', 'Text #5:  1 (0.7838448286056519)']"
