layer,unit,description,mean_activation,highlights
10,14924,Totality or a large quantity,1.8575206696987152,"['Text #1:  all (4.246461391448975)', 'Text #2:  all (3.120788812637329)', 'Text #3:  all (1.2714061737060547)', 'Text #4:  of (0.992277204990387)', 'Text #5:  lot (0.7621534466743469)', 'Text #6:  everything (0.752036988735199)']"
10,14924,"Totalities or aggregates, often in competitive or sporting events",3.75616991519928,"['Text #1:  all (8.502820014953613)', 'Text #2:  all (5.547087669372559)', 'Text #3:  all (4.82098913192749)', 'Text #4:  all (3.40572190284729)', 'Text #5:  all (2.695424795150757)', 'Text #6:  all (2.2524325847625732)', 'Text #7:  all (1.5003257989883423)', 'Text #8:  all (1.3245574235916138)']"
10,14924,"Quantifiers like ""all"" or ""most"" in the context of learning or doing activities/projects related to geography, history, or other subjects",3.3598186373710632,"['Text #1:  all (8.236077308654785)', 'Text #2:  all (3.6610450744628906)', 'Text #3:  all (2.7794878482818604)', 'Text #4:  most (1.3318036794662476)', 'Text #5:  most (0.7906792759895325)']"
10,14924,"The concept of totality or inclusiveness, often related to size or scope, in various contexts such as beauty routines, product availability, accommodation options, and biological processes",2.7337729930877686,"['Text #1:  all (5.498146057128906)', 'Text #2:  all (3.5906903743743896)', 'Text #3:  all (3.116612434387207)', 'Text #4:  all (2.10744571685791)', 'Text #5:  all (1.3396416902542114)', 'Text #6:  both (0.7501016855239868)']"
10,14924,Totality or majority of items or instances,1.490250438451767,"['Text #1:  all (1.9868649244308472)', 'Text #1:  all (1.3807008266448975)', 'Text #2:  all (2.005178451538086)', 'Text #3:  all (1.9544670581817627)', 'Text #4:  most (0.658915638923645)', 'Text #5:  all (0.9553757309913635)']"
