layer,unit,description,mean_activation,highlights
5,966,"Giveaway, donation request, advertisement, or sharing information, related to a link or media",1.4088986814022064,"['Text #1:  to (2.602234363555908)', 'Text #1: !"" (1.1623841524124146)', 'Text #1: !/ (1.0632705688476562)', 'Text #1:  for (2.0518295764923096)', 'Text #1: \n (0.6273974180221558)', 'Text #2:  and (1.781265139579773)', 'Text #3:  where (1.7794336080551147)', 'Text #4: \n (1.229830026626587)', 'Text #5:  fill (1.1358698606491089)', 'Text #6:  Quality (0.6554720997810364)']"
5,966,"A preposition or comma, succeeding company subsidiaries/branches, within descriptions of company structure/operations",0.8788665235042572,"['Text #1: , (1.0347052812576294)', 'Text #2: Through (0.723027765750885)']"
5,966,"First person perspective descriptions of actions, often followed by explanations or justifications",1.000503271818161,"['Text #1: /. (2.1737875938415527)', 'Text #2:  I (1.0573729276657104)', 'Text #3: : (0.8426513671875)', 'Text #4: ). (0.7204000949859619)', 'Text #5: ). (0.6531447768211365)', 'Text #6: I (0.5556628704071045)']"
5,966,"Numbers, often related to financial figures or counts, in contexts such as media impact, scholarships, and sports events",1.2492569908499718,"['Text #1:  several (2.239412546157837)', 'Text #1:  figure (0.5778376460075378)', 'Text #2: >. (2.804973840713501)', 'Text #3: \n (1.1879498958587646)', 'Text #4:  and (1.128682017326355)', 'Text #5: Near (0.7619521021842957)', 'Text #6: \n (0.7583989500999451)', 'Text #7:  since (0.5348489284515381)']"
5,966,"Connecting words related to locations, actions, or events",1.4910165309906005,"['Text #1:  To (1.1643911600112915)', 'Text #1:  and (2.538055658340454)', 'Text #1: \n (1.9560164213180542)', 'Text #2:  . (1.198499083518982)', 'Text #2:  Thank (1.4849328994750977)', 'Text #3: ). (1.8544631004333496)', 'Text #4:  Get (1.7468706369400024)', 'Text #5: \n (1.0988025665283203)', 'Text #6:  or (1.0454585552215576)', 'Text #7: ?"". (0.8226752281188965)']"
