layer,unit,description,mean_activation,highlights
0,8966,Retail business models,10.869843482971191,"['Text #1: mer (11.503179550170898)', 'Text #2: mer (10.236507415771484)']"
0,8966,"The substring ""mer"" appearing as part of the word Bremerton, a city in Washington State",10.538839741757041,"['Text #1: mer (11.878780364990234)', 'Text #1: mer (12.139131546020508)', 'Text #1: mer (11.943347930908203)', 'Text #1: mer (11.969803810119629)', 'Text #1: mer (12.037984848022461)', 'Text #1: mer (11.324801445007324)', 'Text #1: mer (10.875078201293945)', 'Text #1: mer (10.348875999450684)', 'Text #1: mer (10.176074981689453)', 'Text #1: mer (9.951798439025879)', 'Text #1: mer (9.619941711425781)', 'Text #1: mer (9.433640480041504)', 'Text #1: mer (9.703660011291504)', 'Text #1: mer (9.724082946777344)', 'Text #1: mer (9.332744598388672)', 'Text #1: mer (9.943693161010742)', 'Text #1: mer (9.772481918334961)', 'Text #1: mer (9.777865409851074)', 'Text #2: mer (10.284167289733887)']"
0,8966,A musician or musical group's name,10.450322914123536,"['Text #1: mer (11.180392265319824)', 'Text #1: mer (9.066981315612793)', 'Text #2: mer (11.508692741394043)', 'Text #3: mer (11.508692741394043)', 'Text #4: mer (8.986855506896973)']"
0,8966,Occupations or roles related to water,10.232252597808838,"['Text #1: mer (11.248189926147461)', 'Text #2: mer (9.216315269470215)']"
0,8966,"Publication details, often including author, title, date, and publisher/journal",,[]
