layer,unit,description,mean_activation,highlights
5,30319,Asthma medication quick-relief,2.1568945050239563,"['Text #1: ief (2.5168473720550537)', 'Text #1: ief (1.9050334692001343)', 'Text #1: ief (1.48245108127594)', 'Text #1: ief (1.6929233074188232)', 'Text #1: ief (1.6032339334487915)', 'Text #2:  Diet (3.740877866744995)']"
5,30319,"Personal names in various contexts, such as memorials, obituaries, historical accounts, news reports, and discussions of art and business",3.2632050779130726,"['Text #1:  Kai (3.238985538482666)', 'Text #1:  Kai (3.001880168914795)', 'Text #1:  Kai (3.298891544342041)', 'Text #2: wick (4.996115207672119)', 'Text #2: wick (3.519089460372925)', 'Text #3: heng (4.439098834991455)', 'Text #4: wick (3.4231698513031006)', 'Text #5:  benef (1.8814220428466797)', 'Text #6: donald (1.5701930522918701)']"
5,30319,A person named Fei appearing in a conversational context,2.5142900705337525,"['Text #1:  Fei (3.7403907775878906)', 'Text #1:  Fei (2.815701961517334)', 'Text #1:  Fei (2.1816976070404053)', 'Text #1:  Fei (2.641456365585327)', 'Text #1:  Fei (2.854280471801758)', 'Text #1:  Fei (2.3917670249938965)', 'Text #1:  Fei (2.23659086227417)', 'Text #1:  Fei (1.9839807748794556)', 'Text #1:  Fei (1.7992497682571411)', 'Text #1:  Fei (2.4977850914001465)']"
5,30319,"Personal and business names, often related to legal contexts, finance, or loyalty programs",1.690649049622672,"['Text #1:  Wolfgang (1.8826451301574707)', 'Text #1:  Wolfgang (1.1312952041625977)', 'Text #1:  Wolfgang (1.3020603656768799)', 'Text #2: odo (2.4194796085357666)', 'Text #3:  benef (1.9461697340011597)', 'Text #4:  expiration (1.5764466524124146)', 'Text #5:  expiration (1.5764466524124146)']"
5,30319,"A type of artwork or design featuring a raised floral pattern, often mentioned alongside  a brand name",2.3532183170318604,"['Text #1: ief (4.05502986907959)', 'Text #1: ief (2.9986581802368164)', 'Text #2: boa (1.0170470476150513)', 'Text #2: boa (1.3421381711959839)']"
