layer,unit,description,mean_activation,highlights
10,15235,"A question about meaning, significance, or implication",3.990798693436843,"['Text #1:  does (5.616079330444336)', 'Text #1:  Does (3.705803632736206)', 'Text #1:  does (5.0555644035339355)', 'Text #1: Does (2.7451658248901367)', 'Text #2:  does (5.683347702026367)', 'Text #3:  does (5.401172637939453)', 'Text #4:  does (4.979947090148926)', 'Text #5:  does (4.9528326988220215)', 'Text #6:  does (4.849856376647949)', 'Text #7:  does (3.673405408859253)', 'Text #8:  Does (3.4618124961853027)', 'Text #9:  doesn (0.8776977062225342)', 'Text #10:  doesn (0.8776977062225342)']"
10,15235,"Questions about processes, mostly using the auxiliary ""does""",3.5141859710216523,"['Text #1:  did (0.3142107427120209)', 'Text #1:  Does (3.8031063079833984)', 'Text #1:  does (5.010688304901123)', 'Text #2:  does (4.30266809463501)', 'Text #3:  does (4.140256404876709)']"
10,15235,"Questions about functionalities, costs, or meanings, often related to services, products, or abstract concepts",4.53358961406507,"['Text #1:  does (5.79786491394043)', 'Text #1:  does (4.997588634490967)', 'Text #1:  does (5.441377639770508)', 'Text #2:  does (5.784762382507324)', 'Text #2:  Does (2.9192333221435547)', 'Text #2:  does (4.792162895202637)', 'Text #3:  does (4.5645222663879395)', 'Text #3:  does (4.372929096221924)', 'Text #4:  does (4.5645222663879395)', 'Text #4:  does (4.372929096221924)', 'Text #5:  does (6.036625862121582)', 'Text #6:  does (5.452242851257324)', 'Text #7:  does (4.30266809463501)', 'Text #8:  Does (4.165142059326172)', 'Text #9:  does (4.137498378753662)', 'Text #10:  does (4.043783187866211)', 'Text #11:  does (3.9237112998962402)', 'Text #12: Does (3.529212474822998)', 'Text #13:  Does (2.9394259452819824)']"
10,15235,A question about a property of something,1.9174630045890808,"['Text #1:  does (4.810767650604248)', 'Text #2:  Does (0.9431995749473572)', 'Text #2: does (1.0697637796401978)', 'Text #3:  is (0.8461210131645203)']"
10,15235,"Questions using the word ""does"" or ""has""",3.4540893733501434,"['Text #1:  does (4.350735664367676)', 'Text #1:  Does (3.739651918411255)', 'Text #2:  does (3.962540864944458)', 'Text #3:  Does (3.534601926803589)', 'Text #4:  Does (3.5175259113311768)', 'Text #5:  does (3.4595117568969727)', 'Text #6:  does (2.9735891819000244)', 'Text #7:  has (2.094557762145996)']"
