layer,unit,description,mean_activation,highlights
0,259,Screen resolution or magnification,8.31560198465983,"['Text #1: × (8.920696258544922)', 'Text #2: × (8.874536514282227)', 'Text #3:  cellular (7.151573181152344)']"
0,259,Diseases and negative attributes,3.352164626121521,"['Text #1: cancer (4.638434410095215)', 'Text #2: ophobic (2.065894842147827)']"
0,259,Medical studies of the effects of various factors or substances on different types of cancer,6.837861344218254,"['Text #1:  cancer (7.169066429138184)', 'Text #1:  cancer (7.368290424346924)', 'Text #1:  cancer (7.076625347137451)', 'Text #1:  cancer (7.601620197296143)', 'Text #1:  cancer (6.993731498718262)', 'Text #1:  cancer (6.576821327209473)', 'Text #2:  cancer (6.633358001708984)', 'Text #2:  cancer (6.9630913734436035)', 'Text #2:  cancer (7.040459156036377)', 'Text #2:  cancer (6.781172275543213)', 'Text #3:  cancer (6.726023197174072)', 'Text #3:  cancer (7.122044086456299)', 'Text #4:  cancer (6.726023197174072)', 'Text #4:  cancer (7.122044086456299)', 'Text #5:  Cancer (9.196826934814453)', 'Text #6: Cell (2.308583974838257)']"
0,259,"Medical conditions, particularly a specific type of disease",7.575278123219808,"['Text #1:  cancer (7.44768762588501)', 'Text #1:  Cancer (10.304850578308105)', 'Text #1:  cancer (7.796611785888672)', 'Text #1:  cancer (7.332528114318848)', 'Text #1:  cancer (6.511490345001221)', 'Text #1:  cancer (7.283267498016357)', 'Text #1:  Cancer (9.842120170593262)', 'Text #1:  cancer (7.4969801902771)', 'Text #2:  Robbie (4.161966800689697)']"
0,259,"Diseases, medical conditions, or health issues",6.872105325971331,"['Text #1:  cancer (6.19657564163208)', 'Text #1:  Cancer (10.39305591583252)', 'Text #2:  cellular (6.667811393737793)', 'Text #2:  cancer (7.022579669952393)', 'Text #3: × (8.99421501159668)', 'Text #4:  cancer (7.166015625)', 'Text #5:  sympathy (1.6644840240478516)']"
