layer,unit,description,mean_activation,highlights
10,5239,"Proper names, often truncated or shortened",1.5180040001869202,"['Text #1: inal (3.6611876487731934)', 'Text #2:  Mul (0.9305410981178284)', 'Text #2:  Mul (0.9967892169952393)', 'Text #3: ial (1.1050903797149658)', 'Text #4: ally (0.896411657333374)']"
10,5239,"Suffixes related to chemicals, locations, or personal attributes",1.6762590944766997,"['Text #1: inal (4.631632328033447)', 'Text #2: eral (1.3723504543304443)', 'Text #2: eral (1.6857566833496094)', 'Text #3: ital (1.9294073581695557)', 'Text #4: eral (1.4942365884780884)', 'Text #5: eral (1.4879498481750488)', 'Text #6: uel (1.4787094593048096)', 'Text #7: ial (1.0635086297988892)', 'Text #8: atic (0.9014983773231506)', 'Text #9: tal (0.7175412178039551)']"
10,5239,"Adjectives ending in -al, -nal, -ial, -otic, or -ive, or nouns/verbs ending in -ing related to biological, chemical, or physical processes or properties",1.1261140778660774,"['Text #1: ial (1.9660564661026)', 'Text #2: inal (1.9292985200881958)', 'Text #3: otic (1.1295020580291748)', 'Text #4: oming (0.958396852016449)', 'Text #5: onal (0.8323661088943481)', 'Text #6: ractive (0.8153303861618042)', 'Text #7: ual (0.7336402535438538)', 'Text #8: stant (0.6443219780921936)']"
10,5239,Medical or biological terms related to body parts or conditions,1.010108123222987,"['Text #1: ular (1.9483033418655396)', 'Text #1: ular (0.9692830443382263)', 'Text #2: oidal (1.061266303062439)', 'Text #3: ical (0.823824405670166)', 'Text #4: qual (0.6289858222007751)', 'Text #5: qual (0.6289858222007751)']"
10,5239,Adjective suffixes,1.3694825887680053,"['Text #1: ional (1.1902333498001099)', 'Text #1: ular (2.4446628093719482)', 'Text #2: al (1.4656577110290527)', 'Text #3: kel (0.9466026425361633)', 'Text #4: atic (0.8002564311027527)']"
