layer,unit,description,mean_activation,highlights
0,29332,"Products or items with specific characteristics, including materials, dimensions, and functionalities",,[]
0,29332,"Vouchers, discounts, or bargains",4.681586265563965,['Text #1: ou (4.681586265563965)']
0,29332,"Hib vaccine, investor-owned utilities, couples counselling, weak economy/immune system, HARPO fellowship, outage",3.5812483350435893,"['Text #1:  Hib (4.468161106109619)', 'Text #1:  Hib (4.460517883300781)', 'Text #1:  Hib (4.271516799926758)', 'Text #1:  Hib (4.024894714355469)', 'Text #1:  Hib (3.353400707244873)', 'Text #1:  Hib (2.78061580657959)', 'Text #1:  Hib (2.7800369262695312)', 'Text #1:  Hib (2.296217203140259)', 'Text #2:  Hib (4.468161106109619)', 'Text #2:  Hib (4.460517883300781)', 'Text #2:  Hib (4.271516799926758)', 'Text #2:  Hib (4.024894714355469)', 'Text #2:  Hib (3.353400707244873)', 'Text #2:  Hib (2.78061580657959)', 'Text #2:  Hib (2.7800369262695312)', 'Text #2:  Hib (2.296217203140259)', 'Text #3: OU (5.241240501403809)', 'Text #3: OU (5.192363739013672)', 'Text #3: OU (5.69633674621582)', 'Text #4: ou (4.1506028175354)', 'Text #4:  Cou (2.0576088428497314)', 'Text #4:  Cou (1.9424692392349243)', 'Text #5:  weak (6.170852184295654)', 'Text #6:  HAR (2.09991717338562)', 'Text #6:  HAR (2.2679805755615234)', 'Text #6:  HAR (1.7670409679412842)', 'Text #7:  weak (4.595005035400391)', 'Text #8:  weak (4.256694793701172)', 'Text #9: ou (2.6414811611175537)', 'Text #10:  incomplete (2.4871339797973633)']"
0,29332,A feeling of incompleteness or something missing,3.8110977013905845,"['Text #1:  Hib (4.538149833679199)', 'Text #2:  incomplete (4.177553653717041)', 'Text #3: ou (2.7175896167755127)']"
0,29332,Gift vouchers or similar financial instruments,3.8230931162834167,"['Text #1: ou (5.022005558013916)', 'Text #1: ou (4.946166038513184)', 'Text #1: ou (4.621445178985596)', 'Text #2: ou (4.853760719299316)', 'Text #2: ou (2.8656461238861084)', 'Text #3: ou (2.531034469604492)', 'Text #3: ou (2.6908318996429443)', 'Text #4: ou (4.732582092285156)', 'Text #5: ou (4.732582092285156)', 'Text #6: ou (3.41947340965271)', 'Text #7: ou (2.9044463634490967)', 'Text #8: ou (2.557143449783325)']"
